iso3,country,target_pct_gdp,target_year,actual_pct_gdp,actual_year,gap_pct_points,source_target,source_actual,notes
ALB,Albania,5.0,2035,2.01,2025,2.99,"NATO, The Hague Summit Declaration, 25 Jun 2025, 5% GDP annual defence investment by 2035, https://www.nato.int/en/about-us/official-texts-and-resources/official-texts/2025/06/25/the-hague-summit-declaration, accessed 2026-05-31","NATO, Defence Expenditure of NATO Countries (2014-2025), Table 3 share of real GDP, published 28 Aug 2025, https://www.nato.int/content/dam/nato/webready/documents/finance/def-exp-2025-en.xlsx, accessed 2026-05-31, column 2025e",Ist-Wert ist NATO-Schaetzwert 2025e aus Table 3; Zielwert ist gemeinsamer NATO-5-Prozent-Beschluss bis 2035.
BEL,Belgium,5.0,2035,2.000905,2025,2.999095,"NATO, The Hague Summit Declaration, 25 Jun 2025, 5% GDP annual defence investment by 2035, https://www.nato.int/en/about-us/official-texts-and-resources/official-texts/2025/06/25/the-hague-summit-declaration, accessed 2026-05-31","NATO, Defence Expenditure of NATO Countries (2014-2025), Table 3 share of real GDP, published 28 Aug 2025, https://www.nato.int/content/dam/nato/webready/documents/finance/def-exp-2025-en.xlsx, accessed 2026-05-31, column 2025e",Ist-Wert ist NATO-Schaetzwert 2025e aus Table 3; Zielwert ist gemeinsamer NATO-5-Prozent-Beschluss bis 2035.
BGR,Bulgaria,5.0,2035,2.0584,2025,2.9416,"NATO, The Hague Summit Declaration, 25 Jun 2025, 5% GDP annual defence investment by 2035, https://www.nato.int/en/about-us/official-texts-and-resources/official-texts/2025/06/25/the-hague-summit-declaration, accessed 2026-05-31","NATO, Defence Expenditure of NATO Countries (2014-2025), Table 3 share of real GDP, published 28 Aug 2025, https://www.nato.int/content/dam/nato/webready/documents/finance/def-exp-2025-en.xlsx, accessed 2026-05-31, column 2025e",Ist-Wert ist NATO-Schaetzwert 2025e aus Table 3; Zielwert ist gemeinsamer NATO-5-Prozent-Beschluss bis 2035.
CAN,Canada,5.0,2035,2.008308,2025,2.991692,"NATO, The Hague Summit Declaration, 25 Jun 2025, 5% GDP annual defence investment by 2035, https://www.nato.int/en/about-us/official-texts-and-resources/official-texts/2025/06/25/the-hague-summit-declaration, accessed 2026-05-31","NATO, Defence Expenditure of NATO Countries (2014-2025), Table 3 share of real GDP, published 28 Aug 2025, https://www.nato.int/content/dam/nato/webready/documents/finance/def-exp-2025-en.xlsx, accessed 2026-05-31, column 2025e",Ist-Wert ist NATO-Schaetzwert 2025e aus Table 3; Zielwert ist gemeinsamer NATO-5-Prozent-Beschluss bis 2035.
HRV,Croatia,5.0,2035,2.031668,2025,2.968332,"NATO, The Hague Summit Declaration, 25 Jun 2025, 5% GDP annual defence investment by 2035, https://www.nato.int/en/about-us/official-texts-and-resources/official-texts/2025/06/25/the-hague-summit-declaration, accessed 2026-05-31","NATO, Defence Expenditure of NATO Countries (2014-2025), Table 3 share of real GDP, published 28 Aug 2025, https://www.nato.int/content/dam/nato/webready/documents/finance/def-exp-2025-en.xlsx, accessed 2026-05-31, column 2025e",Ist-Wert ist NATO-Schaetzwert 2025e aus Table 3; Zielwert ist gemeinsamer NATO-5-Prozent-Beschluss bis 2035.
CZE,Czechia,5.0,2035,2.00044,2025,2.99956,"NATO, The Hague Summit Declaration, 25 Jun 2025, 5% GDP annual defence investment by 2035, https://www.nato.int/en/about-us/official-texts-and-resources/official-texts/2025/06/25/the-hague-summit-declaration, accessed 2026-05-31","NATO, Defence Expenditure of NATO Countries (2014-2025), Table 3 share of real GDP, published 28 Aug 2025, https://www.nato.int/content/dam/nato/webready/documents/finance/def-exp-2025-en.xlsx, accessed 2026-05-31, column 2025e",Ist-Wert ist NATO-Schaetzwert 2025e aus Table 3; Zielwert ist gemeinsamer NATO-5-Prozent-Beschluss bis 2035.
DNK,Denmark,5.0,2035,3.215799,2025,1.784201,"NATO, The Hague Summit Declaration, 25 Jun 2025, 5% GDP annual defence investment by 2035, https://www.nato.int/en/about-us/official-texts-and-resources/official-texts/2025/06/25/the-hague-summit-declaration, accessed 2026-05-31","NATO, Defence Expenditure of NATO Countries (2014-2025), Table 3 share of real GDP, published 28 Aug 2025, https://www.nato.int/content/dam/nato/webready/documents/finance/def-exp-2025-en.xlsx, accessed 2026-05-31, column 2025e",Ist-Wert ist NATO-Schaetzwert 2025e aus Table 3; Zielwert ist gemeinsamer NATO-5-Prozent-Beschluss bis 2035.
EST,Estonia,5.0,2035,3.378827,2025,1.621173,"NATO, The Hague Summit Declaration, 25 Jun 2025, 5% GDP annual defence investment by 2035, https://www.nato.int/en/about-us/official-texts-and-resources/official-texts/2025/06/25/the-hague-summit-declaration, accessed 2026-05-31","NATO, Defence Expenditure of NATO Countries (2014-2025), Table 3 share of real GDP, published 28 Aug 2025, https://www.nato.int/content/dam/nato/webready/documents/finance/def-exp-2025-en.xlsx, accessed 2026-05-31, column 2025e",Ist-Wert ist NATO-Schaetzwert 2025e aus Table 3; Zielwert ist gemeinsamer NATO-5-Prozent-Beschluss bis 2035.
FIN,Finland,5.0,2035,2.77259,2025,2.22741,"NATO, The Hague Summit Declaration, 25 Jun 2025, 5% GDP annual defence investment by 2035, https://www.nato.int/en/about-us/official-texts-and-resources/official-texts/2025/06/25/the-hague-summit-declaration, accessed 2026-05-31","NATO, Defence Expenditure of NATO Countries (2014-2025), Table 3 share of real GDP, published 28 Aug 2025, https://www.nato.int/content/dam/nato/webready/documents/finance/def-exp-2025-en.xlsx, accessed 2026-05-31, column 2025e",Ist-Wert ist NATO-Schaetzwert 2025e aus Table 3; Zielwert ist gemeinsamer NATO-5-Prozent-Beschluss bis 2035.
FRA,France,5.0,2035,2.053831,2025,2.946169,"NATO, The Hague Summit Declaration, 25 Jun 2025, 5% GDP annual defence investment by 2035, https://www.nato.int/en/about-us/official-texts-and-resources/official-texts/2025/06/25/the-hague-summit-declaration, accessed 2026-05-31","NATO, Defence Expenditure of NATO Countries (2014-2025), Table 3 share of real GDP, published 28 Aug 2025, https://www.nato.int/content/dam/nato/webready/documents/finance/def-exp-2025-en.xlsx, accessed 2026-05-31, column 2025e",Ist-Wert ist NATO-Schaetzwert 2025e aus Table 3; Zielwert ist gemeinsamer NATO-5-Prozent-Beschluss bis 2035.
DEU,Germany,5.0,2035,2.003724,2024,2.996276,"NATO, The Hague Summit Declaration, 25 Jun 2025, 5% GDP annual defence investment by 2035, https://www.nato.int/en/about-us/official-texts-and-resources/official-texts/2025/06/25/the-hague-summit-declaration, accessed 2026-05-31","NATO, Defence Expenditure of NATO Countries (2014-2025), Table 3 share of real GDP, published 28 Aug 2025, https://www.nato.int/content/dam/nato/webready/documents/finance/def-exp-2025-en.xlsx, accessed 2026-05-31, column 2024e",Aktuellster nicht fehlender NATO-Wert ist 2024e; 2025e fehlt in Table 3.
GRC,Greece,5.0,2035,2.848056,2025,2.151944,"NATO, The Hague Summit Declaration, 25 Jun 2025, 5% GDP annual defence investment by 2035, https://www.nato.int/en/about-us/official-texts-and-resources/official-texts/2025/06/25/the-hague-summit-declaration, accessed 2026-05-31","NATO, Defence Expenditure of NATO Countries (2014-2025), Table 3 share of real GDP, published 28 Aug 2025, https://www.nato.int/content/dam/nato/webready/documents/finance/def-exp-2025-en.xlsx, accessed 2026-05-31, column 2025e",Ist-Wert ist NATO-Schaetzwert 2025e aus Table 3; Zielwert ist gemeinsamer NATO-5-Prozent-Beschluss bis 2035.
HUN,Hungary,5.0,2035,2.057473,2025,2.942527,"NATO, The Hague Summit Declaration, 25 Jun 2025, 5% GDP annual defence investment by 2035, https://www.nato.int/en/about-us/official-texts-and-resources/official-texts/2025/06/25/the-hague-summit-declaration, accessed 2026-05-31","NATO, Defence Expenditure of NATO Countries (2014-2025), Table 3 share of real GDP, published 28 Aug 2025, https://www.nato.int/content/dam/nato/webready/documents/finance/def-exp-2025-en.xlsx, accessed 2026-05-31, column 2025e",Ist-Wert ist NATO-Schaetzwert 2025e aus Table 3; Zielwert ist gemeinsamer NATO-5-Prozent-Beschluss bis 2035.
ISL,Iceland,5.0,2035,NULL,NULL,NULL,"NATO, The Hague Summit Declaration, 25 Jun 2025, 5% GDP annual defence investment by 2035, https://www.nato.int/en/about-us/official-texts-and-resources/official-texts/2025/06/25/the-hague-summit-declaration, accessed 2026-05-31",NULL,"Kein Ist-Wert in NATO Table 3; Island hat keine stehenden Streitkraefte, Wert transparent als NULL gefuehrt."
ITA,Italy,5.0,2035,2.006712,2025,2.993288,"NATO, The Hague Summit Declaration, 25 Jun 2025, 5% GDP annual defence investment by 2035, https://www.nato.int/en/about-us/official-texts-and-resources/official-texts/2025/06/25/the-hague-summit-declaration, accessed 2026-05-31","NATO, Defence Expenditure of NATO Countries (2014-2025), Table 3 share of real GDP, published 28 Aug 2025, https://www.nato.int/content/dam/nato/webready/documents/finance/def-exp-2025-en.xlsx, accessed 2026-05-31, column 2025e",Ist-Wert ist NATO-Schaetzwert 2025e aus Table 3; Zielwert ist gemeinsamer NATO-5-Prozent-Beschluss bis 2035.
LVA,Latvia,5.0,2035,3.732053,2025,1.267947,"NATO, The Hague Summit Declaration, 25 Jun 2025, 5% GDP annual defence investment by 2035, https://www.nato.int/en/about-us/official-texts-and-resources/official-texts/2025/06/25/the-hague-summit-declaration, accessed 2026-05-31","NATO, Defence Expenditure of NATO Countries (2014-2025), Table 3 share of real GDP, published 28 Aug 2025, https://www.nato.int/content/dam/nato/webready/documents/finance/def-exp-2025-en.xlsx, accessed 2026-05-31, column 2025e",Ist-Wert ist NATO-Schaetzwert 2025e aus Table 3; Zielwert ist gemeinsamer NATO-5-Prozent-Beschluss bis 2035.
LTU,Lithuania,5.0,2035,3.999313,2025,1.000687,"NATO, The Hague Summit Declaration, 25 Jun 2025, 5% GDP annual defence investment by 2035, https://www.nato.int/en/about-us/official-texts-and-resources/official-texts/2025/06/25/the-hague-summit-declaration, accessed 2026-05-31","NATO, Defence Expenditure of NATO Countries (2014-2025), Table 3 share of real GDP, published 28 Aug 2025, https://www.nato.int/content/dam/nato/webready/documents/finance/def-exp-2025-en.xlsx, accessed 2026-05-31, column 2025e",Ist-Wert ist NATO-Schaetzwert 2025e aus Table 3; Zielwert ist gemeinsamer NATO-5-Prozent-Beschluss bis 2035.
LUX,Luxembourg,5.0,2035,2.0,2025,3.0,"NATO, The Hague Summit Declaration, 25 Jun 2025, 5% GDP annual defence investment by 2035, https://www.nato.int/en/about-us/official-texts-and-resources/official-texts/2025/06/25/the-hague-summit-declaration, accessed 2026-05-31","NATO, Defence Expenditure of NATO Countries (2014-2025), Table 3 share of real GDP, published 28 Aug 2025, https://www.nato.int/content/dam/nato/webready/documents/finance/def-exp-2025-en.xlsx, accessed 2026-05-31, column 2025e",Ist-Wert ist NATO-Schaetzwert 2025e aus Table 3; Zielwert ist gemeinsamer NATO-5-Prozent-Beschluss bis 2035.
MNE,Montenegro,5.0,2035,2.030415,2025,2.969585,"NATO, The Hague Summit Declaration, 25 Jun 2025, 5% GDP annual defence investment by 2035, https://www.nato.int/en/about-us/official-texts-and-resources/official-texts/2025/06/25/the-hague-summit-declaration, accessed 2026-05-31","NATO, Defence Expenditure of NATO Countries (2014-2025), Table 3 share of real GDP, published 28 Aug 2025, https://www.nato.int/content/dam/nato/webready/documents/finance/def-exp-2025-en.xlsx, accessed 2026-05-31, column 2025e",Ist-Wert ist NATO-Schaetzwert 2025e aus Table 3; Zielwert ist gemeinsamer NATO-5-Prozent-Beschluss bis 2035.
NLD,Netherlands,5.0,2035,2.49121,2025,2.50879,"NATO, The Hague Summit Declaration, 25 Jun 2025, 5% GDP annual defence investment by 2035, https://www.nato.int/en/about-us/official-texts-and-resources/official-texts/2025/06/25/the-hague-summit-declaration, accessed 2026-05-31","NATO, Defence Expenditure of NATO Countries (2014-2025), Table 3 share of real GDP, published 28 Aug 2025, https://www.nato.int/content/dam/nato/webready/documents/finance/def-exp-2025-en.xlsx, accessed 2026-05-31, column 2025e",Ist-Wert ist NATO-Schaetzwert 2025e aus Table 3; Zielwert ist gemeinsamer NATO-5-Prozent-Beschluss bis 2035.
MKD,North Macedonia,5.0,2035,2.000311,2025,2.999689,"NATO, The Hague Summit Declaration, 25 Jun 2025, 5% GDP annual defence investment by 2035, https://www.nato.int/en/about-us/official-texts-and-resources/official-texts/2025/06/25/the-hague-summit-declaration, accessed 2026-05-31","NATO, Defence Expenditure of NATO Countries (2014-2025), Table 3 share of real GDP, published 28 Aug 2025, https://www.nato.int/content/dam/nato/webready/documents/finance/def-exp-2025-en.xlsx, accessed 2026-05-31, column 2025e",Ist-Wert ist NATO-Schaetzwert 2025e aus Table 3; Zielwert ist gemeinsamer NATO-5-Prozent-Beschluss bis 2035.
NOR,Norway,5.0,2035,3.353429,2025,1.646571,"NATO, The Hague Summit Declaration, 25 Jun 2025, 5% GDP annual defence investment by 2035, https://www.nato.int/en/about-us/official-texts-and-resources/official-texts/2025/06/25/the-hague-summit-declaration, accessed 2026-05-31","NATO, Defence Expenditure of NATO Countries (2014-2025), Table 3 share of real GDP, published 28 Aug 2025, https://www.nato.int/content/dam/nato/webready/documents/finance/def-exp-2025-en.xlsx, accessed 2026-05-31, column 2025e",Ist-Wert ist NATO-Schaetzwert 2025e aus Table 3; Zielwert ist gemeinsamer NATO-5-Prozent-Beschluss bis 2035.
POL,Poland,5.0,2035,4.480549,2025,0.519451,"NATO, The Hague Summit Declaration, 25 Jun 2025, 5% GDP annual defence investment by 2035, https://www.nato.int/en/about-us/official-texts-and-resources/official-texts/2025/06/25/the-hague-summit-declaration, accessed 2026-05-31","NATO, Defence Expenditure of NATO Countries (2014-2025), Table 3 share of real GDP, published 28 Aug 2025, https://www.nato.int/content/dam/nato/webready/documents/finance/def-exp-2025-en.xlsx, accessed 2026-05-31, column 2025e",Ist-Wert ist NATO-Schaetzwert 2025e aus Table 3; Zielwert ist gemeinsamer NATO-5-Prozent-Beschluss bis 2035.
PRT,Portugal,5.0,2035,2.003743,2025,2.996257,"NATO, The Hague Summit Declaration, 25 Jun 2025, 5% GDP annual defence investment by 2035, https://www.nato.int/en/about-us/official-texts-and-resources/official-texts/2025/06/25/the-hague-summit-declaration, accessed 2026-05-31","NATO, Defence Expenditure of NATO Countries (2014-2025), Table 3 share of real GDP, published 28 Aug 2025, https://www.nato.int/content/dam/nato/webready/documents/finance/def-exp-2025-en.xlsx, accessed 2026-05-31, column 2025e",Ist-Wert ist NATO-Schaetzwert 2025e aus Table 3; Zielwert ist gemeinsamer NATO-5-Prozent-Beschluss bis 2035.
ROU,Romania,5.0,2035,2.281829,2025,2.718171,"NATO, The Hague Summit Declaration, 25 Jun 2025, 5% GDP annual defence investment by 2035, https://www.nato.int/en/about-us/official-texts-and-resources/official-texts/2025/06/25/the-hague-summit-declaration, accessed 2026-05-31","NATO, Defence Expenditure of NATO Countries (2014-2025), Table 3 share of real GDP, published 28 Aug 2025, https://www.nato.int/content/dam/nato/webready/documents/finance/def-exp-2025-en.xlsx, accessed 2026-05-31, column 2025e",Ist-Wert ist NATO-Schaetzwert 2025e aus Table 3; Zielwert ist gemeinsamer NATO-5-Prozent-Beschluss bis 2035.
SVK,Slovakia,5.0,2035,2.043977,2025,2.956023,"NATO, The Hague Summit Declaration, 25 Jun 2025, 5% GDP annual defence investment by 2035, https://www.nato.int/en/about-us/official-texts-and-resources/official-texts/2025/06/25/the-hague-summit-declaration, accessed 2026-05-31","NATO, Defence Expenditure of NATO Countries (2014-2025), Table 3 share of real GDP, published 28 Aug 2025, https://www.nato.int/content/dam/nato/webready/documents/finance/def-exp-2025-en.xlsx, accessed 2026-05-31, column 2025e",Ist-Wert ist NATO-Schaetzwert 2025e aus Table 3; Zielwert ist gemeinsamer NATO-5-Prozent-Beschluss bis 2035.
SVN,Slovenia,5.0,2035,2.023795,2025,2.976205,"NATO, The Hague Summit Declaration, 25 Jun 2025, 5% GDP annual defence investment by 2035, https://www.nato.int/en/about-us/official-texts-and-resources/official-texts/2025/06/25/the-hague-summit-declaration, accessed 2026-05-31","NATO, Defence Expenditure of NATO Countries (2014-2025), Table 3 share of real GDP, published 28 Aug 2025, https://www.nato.int/content/dam/nato/webready/documents/finance/def-exp-2025-en.xlsx, accessed 2026-05-31, column 2025e",Ist-Wert ist NATO-Schaetzwert 2025e aus Table 3; Zielwert ist gemeinsamer NATO-5-Prozent-Beschluss bis 2035.
ESP,Spain,5.0,2035,2.000015,2025,2.999985,"NATO, The Hague Summit Declaration, 25 Jun 2025, 5% GDP annual defence investment by 2035, https://www.nato.int/en/about-us/official-texts-and-resources/official-texts/2025/06/25/the-hague-summit-declaration, accessed 2026-05-31","NATO, Defence Expenditure of NATO Countries (2014-2025), Table 3 share of real GDP, published 28 Aug 2025, https://www.nato.int/content/dam/nato/webready/documents/finance/def-exp-2025-en.xlsx, accessed 2026-05-31, column 2025e",Ist-Wert ist NATO-Schaetzwert 2025e aus Table 3; Zielwert ist gemeinsamer NATO-5-Prozent-Beschluss bis 2035.
SWE,Sweden,5.0,2035,2.508719,2025,2.491281,"NATO, The Hague Summit Declaration, 25 Jun 2025, 5% GDP annual defence investment by 2035, https://www.nato.int/en/about-us/official-texts-and-resources/official-texts/2025/06/25/the-hague-summit-declaration, accessed 2026-05-31","NATO, Defence Expenditure of NATO Countries (2014-2025), Table 3 share of real GDP, published 28 Aug 2025, https://www.nato.int/content/dam/nato/webready/documents/finance/def-exp-2025-en.xlsx, accessed 2026-05-31, column 2025e",Ist-Wert ist NATO-Schaetzwert 2025e aus Table 3; Zielwert ist gemeinsamer NATO-5-Prozent-Beschluss bis 2035.
TUR,Türkiye,5.0,2035,2.33,2025,2.67,"NATO, The Hague Summit Declaration, 25 Jun 2025, 5% GDP annual defence investment by 2035, https://www.nato.int/en/about-us/official-texts-and-resources/official-texts/2025/06/25/the-hague-summit-declaration, accessed 2026-05-31","NATO, Defence Expenditure of NATO Countries (2014-2025), Table 3 share of real GDP, published 28 Aug 2025, https://www.nato.int/content/dam/nato/webready/documents/finance/def-exp-2025-en.xlsx, accessed 2026-05-31, column 2025e",Ist-Wert ist NATO-Schaetzwert 2025e aus Table 3; Zielwert ist gemeinsamer NATO-5-Prozent-Beschluss bis 2035.
GBR,United Kingdom,5.0,2035,2.395867,2025,2.604133,"NATO, The Hague Summit Declaration, 25 Jun 2025, 5% GDP annual defence investment by 2035, https://www.nato.int/en/about-us/official-texts-and-resources/official-texts/2025/06/25/the-hague-summit-declaration, accessed 2026-05-31","NATO, Defence Expenditure of NATO Countries (2014-2025), Table 3 share of real GDP, published 28 Aug 2025, https://www.nato.int/content/dam/nato/webready/documents/finance/def-exp-2025-en.xlsx, accessed 2026-05-31, column 2025e",Ist-Wert ist NATO-Schaetzwert 2025e aus Table 3; Zielwert ist gemeinsamer NATO-5-Prozent-Beschluss bis 2035.
USA,United States,5.0,2035,3.216586,2025,1.783414,"NATO, The Hague Summit Declaration, 25 Jun 2025, 5% GDP annual defence investment by 2035, https://www.nato.int/en/about-us/official-texts-and-resources/official-texts/2025/06/25/the-hague-summit-declaration, accessed 2026-05-31","NATO, Defence Expenditure of NATO Countries (2014-2025), Table 3 share of real GDP, published 28 Aug 2025, https://www.nato.int/content/dam/nato/webready/documents/finance/def-exp-2025-en.xlsx, accessed 2026-05-31, column 2025e",Ist-Wert ist NATO-Schaetzwert 2025e aus Table 3; Zielwert ist gemeinsamer NATO-5-Prozent-Beschluss bis 2035.
